muX;IC95_lower;IC95_upper;pointwise_pout;sigma;epsilon;p_out
11.011481988760877;10.25503365357525;11.766370514800798;0.007925803052068641;0.21579574083772976;0.517426624245963;0.03890058848542296
10.996237845678111;10.238052340527771;11.74938920175332;;0.21579574083772976;0.517426624245963;0.03890058848542296
10.980993702595665;10.238052340527771;11.715426575658363;;0.21579574083772976;0.517426624245963;0.03890058848542296
10.965749559513384;10.272014966622727;11.681463949563408;0.023189762127197224;0.21579574083772976;0.517426624245963;0.03890058848542296
11.052263674600944;10.305977592717683;11.800333140895754;;0.21579574083772976;0.517426624245963;0.03890058848542296
11.138777789688561;10.356921531860117;11.9192023322281;;0.21579574083772976;0.517426624245963;0.03890058848542296
11.225291904776205;10.424846784050029;12.02109021051297;;0.21579574083772976;0.517426624245963;0.03890058848542296
11.311806019863862;10.50975334928742;12.089015462702882;0.9999329130635778;0.21579574083772976;0.517426624245963;0.03890058848542296
11.398296323482317;10.628622540619766;12.156940714892794;;0.21579574083772976;0.517426624245963;0.03890058848542296
11.484786627100773;10.747491731952113;12.207884654035228;;0.21579574083772976;0.517426624245963;0.03890058848542296
11.571276930719232;10.883342236331938;12.224865967082707;0.014014369781583979;0.21579574083772976;0.517426624245963;0.03890058848542296
11.5763439759208;10.86636092328446;12.258828593177661;;0.21579574083772976;0.517426624245963;0.03890058848542296
11.581411021122369;10.86636092328446;12.27580990622514;;0.21579574083772976;0.517426624245963;0.03890058848542296
11.586478066323936;10.900323549379415;12.258828593177661;;0.21579574083772976;0.517426624245963;0.03890058848542296
11.591545111525505;10.95126748852185;12.207884654035228;0.014827726732658362;0.21579574083772976;0.517426624245963;0.03890058848542296
11.506354434542915;10.832398297189503;12.156940714892794;;0.21579574083772976;0.517426624245963;0.03890058848542296
11.421163757560333;10.76447304499959;12.072034149655403;;0.21579574083772976;0.517426624245963;0.03890058848542296
11.335973080577748;10.713529105857157;11.953164958323057;0.013994137928884326;0.21579574083772976;0.517426624245963;0.03890058848542296
11.33913459859323;10.662585166714724;11.987127584418012;;0.21579574083772976;0.517426624245963;0.03890058848542296
11.342296116608711;10.662585166714724;12.00410889746549;;0.21579574083772976;0.517426624245963;0.03890058848542296
11.345457634624193;10.679566479762201;12.00410889746549;;0.21579574083772976;0.517426624245963;0.03890058848542296
11.348619152639674;10.730510418904636;11.953164958323057;0.0065181472590114765;0.21579574083772976;0.517426624245963;0.03890058848542296
11.36369208466217;10.713529105857157;12.00410889746549;;0.21579574083772976;0.517426624245963;0.03890058848542296
11.378765016684667;10.730510418904636;12.02109021051297;;0.21579574083772976;0.517426624245963;0.03890058848542296
11.393837948707162;10.76447304499959;12.00410889746549;0.007574114930503592;0.21579574083772976;0.517426624245963;0.03890058848542296
11.367778860794902;10.696547792809678;12.02109021051297;;0.21579574083772976;0.517426624245963;0.03890058848542296
11.341719772882634;10.662585166714724;12.00410889746549;;0.21579574083772976;0.517426624245963;0.03890058848542296
11.315660684970368;10.645603853667245;11.970146271370535;;0.21579574083772976;0.517426624245963;0.03890058848542296
11.289601597058104;10.662585166714724;11.902221019180622;0.00648419750221785;0.21579574083772976;0.517426624245963;0.03890058848542296
11.273556869105116;10.628622540619766;11.902221019180622;;0.21579574083772976;0.517426624245963;0.03890058848542296
11.257512141152127;10.611641227572289;11.902221019180622;;0.21579574083772976;0.517426624245963;0.03890058848542296
11.241467413199135;10.611641227572289;11.851277080038187;0.007086022298964931;0.21579574083772976;0.517426624245963;0.03890058848542296
11.256941070193554;10.594659914524811;11.902221019180622;;0.21579574083772976;0.517426624245963;0.03890058848542296
11.272414727187972;10.577678601477333;11.936183645275579;;0.21579574083772976;0.517426624245963;0.03890058848542296
11.287888384182391;10.611641227572289;11.936183645275579;;0.21579574083772976;0.517426624245963;0.03890058848542296
11.303362041176808;10.662585166714724;11.9192023322281;0.023615796990977087;0.21579574083772976;0.517426624245963;0.03890058848542296
11.204881935843218;10.543715975382376;11.851277080038187;;0.21579574083772976;0.517426624245963;0.03890058848542296
11.106401830509629;10.441828097097508;11.74938920175332;;0.21579574083772976;0.517426624245963;0.03890058848542296
11.00792172517604;10.373902844907596;11.613538697373496;0.006972406042285736;0.21579574083772976;0.517426624245963;0.03890058848542296
10.938006187012082;10.272014966622727;11.579576071278538;;0.21579574083772976;0.517426624245963;0.03890058848542296
10.868090648848117;10.187108401385338;11.528632132136105;;0.21579574083772976;0.517426624245963;0.03890058848542296
10.79817511068416;10.136164462242903;11.443725566898713;;0.21579574083772976;0.517426624245963;0.03890058848542296
10.728259572520201;10.102201836147946;11.341837688613847;0.006429733354867148;0.21579574083772976;0.517426624245963;0.03890058848542296
10.65670758122442;10.000313957863078;11.290893749471412;;0.21579574083772976;0.517426624245963;0.03890058848542296
10.58515558992865;9.932388705673166;11.2229684972815;;0.21579574083772976;0.517426624245963;0.03890058848542296
10.513603598632876;9.89842607957821;11.121080618996631;0.012769998516298306;0.21579574083772976;0.517426624245963;0.03890058848542296
10.525488440824795;9.864463453483253;11.172024558139064;;0.21579574083772976;0.517426624245963;0.03890058848542296
10.537373283016715;9.864463453483253;11.205987184234022;;0.21579574083772976;0.517426624245963;0.03890058848542296
10.549258125208635;9.88144476653073;11.205987184234022;;0.21579574083772976;0.517426624245963;0.03890058848542296
10.561142967400553;9.932388705673166;11.172024558139064;0.009259996448098246;0.21579574083772976;0.517426624245963;0.03890058848542296
10.633811823800544;9.9833326448156;11.273912436423934;;0.21579574083772976;0.517426624245963;0.03890058848542296
10.706480680200531;10.051257897005513;11.341837688613847;;0.21579574083772976;0.517426624245963;0.03890058848542296
10.77914953660052;10.15314577529038;11.39278162775628;0.006478769059883655;0.21579574083772976;0.517426624245963;0.03890058848542296
10.847592080017861;10.170127088337859;11.511650819088626;;0.21579574083772976;0.517426624245963;0.03890058848542296
10.916034623435205;10.221071027480292;11.596557384326017;;0.21579574083772976;0.517426624245963;0.03890058848542296
10.984477166852546;10.288996279670204;11.64750132346845;;0.21579574083772976;0.517426624245963;0.03890058848542296
11.05291971026989;10.373902844907596;11.681463949563408;0.006716596892866387;0.21579574083772976;0.517426624245963;0.03890058848542296
11.126641068119847;10.373902844907596;11.800333140895754;;0.21579574083772976;0.517426624245963;0.03890058848542296
11.200362425969807;10.373902844907596;11.885239706133145;;0.21579574083772976;0.517426624245963;0.03890058848542296
11.274083783819762;10.390884157955075;11.936183645275579;0.13827220770995619;0.21579574083772976;0.517426624245963;0.03890058848542296
11.190990150355942;10.356921531860117;11.885239706133145;;0.21579574083772976;0.517426624245963;0.03890058848542296
11.107896516892122;10.322958905765162;11.800333140895754;;0.21579574083772976;0.517426624245963;0.03890058848542296
11.024802883428304;10.288996279670204;11.698445262610885;;0.21579574083772976;0.517426624245963;0.03890058848542296
10.94170924996449;10.272014966622727;11.56259475823106;0.00936012870379385;0.21579574083772976;0.517426624245963;0.03890058848542296
10.917805457697524;10.238052340527771;11.56259475823106;;0.21579574083772976;0.517426624245963;0.03890058848542296
10.893901665430558;10.221071027480292;11.545613445183584;;0.21579574083772976;0.517426624245963;0.03890058848542296
10.869997873163594;10.238052340527771;11.477688192993671;0.009960079858361446;0.21579574083772976;0.517426624245963;0.03890058848542296
10.78054974665946;10.102201836147946;11.426744253851236;;0.21579574083772976;0.517426624245963;0.03890058848542296
10.691101620155328;10.000313957863078;11.358819001661324;;0.21579574083772976;0.517426624245963;0.03890058848542296
10.601653493651199;9.932388705673166;11.256931123376456;;0.21579574083772976;0.517426624245963;0.03890058848542296
10.512205367147068;9.88144476653073;11.121080618996631;0.007107877109795178;0.21579574083772976;0.517426624245963;0.03890058848542296
10.453796040260693;9.796538201293341;11.104099305949152;;0.21579574083772976;0.517426624245963;0.03890058848542296
10.39538671337432;9.728612949103429;11.053155366806719;;0.21579574083772976;0.517426624245963;0.03890058848542296
10.336977386487948;9.694650323008473;10.968248801569327;0.006560452867638687;0.21579574083772976;0.517426624245963;0.03890058848542296
10.282404959113947;9.592762444723604;10.968248801569327;;0.21579574083772976;0.517426624245963;0.03890058848542296
10.227832531739963;9.507855879486215;10.95126748852185;;0.21579574083772976;0.517426624245963;0.03890058848542296
10.173260104366078;9.45691194034378;10.917304862426894;;0.21579574083772976;0.517426624245963;0.03890058848542296
10.118687676992412;9.422949314248823;10.883342236331938;0.11701473048363185;0.21579574083772976;0.517426624245963;0.03890058848542296
10.184676065706952;9.490874566438736;10.917304862426894;;0.21579574083772976;0.517426624245963;0.03890058848542296
10.250664454421594;9.558799818628648;10.95126748852185;;0.21579574083772976;0.517426624245963;0.03890058848542296
10.316652843136282;9.677669009960994;10.95126748852185;0.006699968540244101;0.21579574083772976;0.517426624245963;0.03890058848542296
10.392905535035935;9.711631636055952;11.070136679854198;;0.21579574083772976;0.517426624245963;0.03890058848542296
10.46915822693559;9.779556888245864;11.155043245091587;;0.21579574083772976;0.517426624245963;0.03890058848542296
10.54541091883525;9.864463453483253;11.205987184234022;;0.21579574083772976;0.517426624245963;0.03890058848542296
10.621663610734917;9.9833326448156;11.239949810328977;0.007157803068304492;0.21579574083772976;0.517426624245963;0.03890058848542296
10.72984759234134;10.06823921005299;11.375800314708801;;0.21579574083772976;0.517426624245963;0.03890058848542296
10.83803157394776;10.170127088337859;11.477688192993671;;0.21579574083772976;0.517426624245963;0.03890058848542296
10.946215555554186;10.305977592717683;11.56259475823106;0.021129564735563273;0.21579574083772976;0.517426624245963;0.03890058848542296
10.945534644412705;10.272014966622727;11.596557384326017;;0.21579574083772976;0.517426624245963;0.03890058848542296
10.94485373327122;10.25503365357525;11.613538697373496;;0.21579574083772976;0.517426624245963;0.03890058848542296
10.944172822129737;10.272014966622727;11.596557384326017;;0.21579574083772976;0.517426624245963;0.03890058848542296
10.943491910988255;10.322958905765162;11.56259475823106;0.017145664687777926;0.21579574083772976;0.517426624245963;0.03890058848542296
11.042009928614462;10.390884157955075;11.681463949563408;;0.21579574083772976;0.517426624245963;0.03890058848542296
11.14052794624067;10.475790723192464;11.783351827848275;;0.21579574083772976;0.517426624245963;0.03890058848542296
11.239045963866882;10.611641227572289;11.851277080038187;0.013067872709280089;0.21579574083772976;0.517426624245963;0.03890058848542296
11.252889358346309;10.577678601477333;11.902221019180622;;0.21579574083772976;0.517426624245963;0.03890058848542296
11.266732752825728;10.577678601477333;11.936183645275579;;0.21579574083772976;0.517426624245963;0.03890058848542296
11.280576147305156;10.611641227572289;11.936183645275579;;0.21579574083772976;0.517426624245963;0.03890058848542296
11.294419541784578;10.679566479762201;11.902221019180622;0.006433718641806696;0.21579574083772976;0.517426624245963;0.03890058848542296
11.312305619109281;10.662585166714724;11.953164958323057;;0.21579574083772976;0.517426624245963;0.03890058848542296
11.330191696433982;10.679566479762201;11.970146271370535;;0.21579574083772976;0.517426624245963;0.03890058848542296
11.348077773758682;10.730510418904636;11.953164958323057;0.006455850661378659;0.21579574083772976;0.517426624245963;0.03890058848542296
11.373738005002947;10.713529105857157;12.02109021051297;;0.21579574083772976;0.517426624245963;0.03890058848542296
11.399398236247212;10.713529105857157;12.055052836607924;;0.21579574083772976;0.517426624245963;0.03890058848542296
11.425058467491477;10.76447304499959;12.072034149655403;;0.21579574083772976;0.517426624245963;0.03890058848542296
11.450718698735745;10.832398297189503;12.055052836607924;0.00737220001795603;0.21579574083772976;0.517426624245963;0.03890058848542296
11.438681499735821;10.78145435804707;12.072034149655403;;0.21579574083772976;0.517426624245963;0.03890058848542296
11.426644300735902;10.78145435804707;12.055052836607924;;0.21579574083772976;0.517426624245963;0.03890058848542296
11.414607101735978;10.798435671094548;12.02109021051297;0.0064931245974115;0.21579574083772976;0.517426624245963;0.03890058848542296
11.413450348361053;10.747491731952113;12.055052836607924;;0.21579574083772976;0.517426624245963;0.03890058848542296
11.412293594986131;10.730510418904636;12.072034149655403;;0.21579574083772976;0.517426624245963;0.03890058848542296
11.411136841611206;10.747491731952113;12.055052836607924;;0.21579574083772976;0.517426624245963;0.03890058848542296
11.409980088236281;10.78145435804707;12.02109021051297;0.006461608642531885;0.21579574083772976;0.517426624245963;0.03890058848542296
11.415919768051934;10.76447304499959;12.055052836607924;;0.21579574083772976;0.517426624245963;0.03890058848542296
11.421859447867584;10.76447304499959;12.055052836607924;;0.21579574083772976;0.517426624245963;0.03890058848542296
11.427799127683233;10.798435671094548;12.038071523560447;0.01606053327118569;0.21579574083772976;0.517426624245963;0.03890058848542296
11.337710857117816;10.662585166714724;11.987127584418012;;0.21579574083772976;0.517426624245963;0.03890058848542296
11.247622586552403;10.560697288429854;11.9192023322281;;0.21579574083772976;0.517426624245963;0.03890058848542296
11.157534315986986;10.492772036239941;11.817314453943233;;0.21579574083772976;0.517426624245963;0.03890058848542296
11.067446045421569;10.441828097097508;11.681463949563408;0.012923507449072663;0.21579574083772976;0.517426624245963;0.03890058848542296
11.060770356191526;10.390884157955075;11.715426575658363;;0.21579574083772976;0.517426624245963;0.03890058848542296
11.054094666961486;10.390884157955075;11.698445262610885;;0.21579574083772976;0.517426624245963;0.03890058848542296
11.047418977731446;10.407865471002552;11.681463949563408;0.006724378389868922;0.21579574083772976;0.517426624245963;0.03890058848542296
11.024824165588003;10.322958905765162;11.715426575658363;;0.21579574083772976;0.517426624245963;0.03890058848542296
11.002229353444552;10.272014966622727;11.715426575658363;;0.21579574083772976;0.517426624245963;0.03890058848542296
10.97963454130111;10.238052340527771;11.698445262610885;;0.21579574083772976;0.517426624245963;0.03890058848542296
10.957039729157666;10.238052340527771;11.66448263651593;0.0071821210240009935;0.21579574083772976;0.517426624245963;0.03890058848542296
10.936100463028714;10.136164462242903;11.74938920175332;;0.21579574083772976;0.517426624245963;0.03890058848542296
10.915161196899763;10.051257897005513;11.800333140895754;;0.21579574083772976;0.517426624245963;0.03890058848542296
10.894221930770815;10.000313957863078;11.83429576699071;0.5835748743513459;0.21579574083772976;0.517426624245963;0.03890058848542296
10.956659175776782;10.085220523100467;11.851277080038187;;0.21579574083772976;0.517426624245963;0.03890058848542296
11.019096420782748;10.187108401385338;11.868258393085666;;0.21579574083772976;0.517426624245963;0.03890058848542296
11.081533665788719;10.305977592717683;11.851277080038187;;0.21579574083772976;0.517426624245963;0.03890058848542296
11.143970910794689;10.441828097097508;11.83429576699071;0.011243435659323177;0.21579574083772976;0.517426624245963;0.03890058848542296
11.140620042853564;10.441828097097508;11.83429576699071;;0.21579574083772976;0.517426624245963;0.03890058848542296
11.137269174912447;10.441828097097508;11.817314453943233;;0.21579574083772976;0.517426624245963;0.03890058848542296
11.133918306971324;10.492772036239941;11.766370514800798;0.011117045285235052;0.21579574083772976;0.517426624245963;0.03890058848542296
11.202286836053915;10.5267346623349;11.868258393085666;;0.21579574083772976;0.517426624245963;0.03890058848542296
11.270655365136506;10.577678601477333;11.953164958323057;;0.21579574083772976;0.517426624245963;0.03890058848542296
11.339023894219093;10.662585166714724;12.00410889746549;;0.21579574083772976;0.517426624245963;0.03890058848542296
11.40739242330169;10.76447304499959;12.02109021051297;0.015849412239084325;0.21579574083772976;0.517426624245963;0.03890058848542296
11.380840371858774;10.713529105857157;12.02109021051297;;0.21579574083772976;0.517426624245963;0.03890058848542296
11.354288320415854;10.696547792809678;11.987127584418012;;0.21579574083772976;0.517426624245963;0.03890058848542296
11.327736268972942;10.696547792809678;11.936183645275579;0.007368733859802953;0.21579574083772976;0.517426624245963;0.03890058848542296
11.338272874414972;10.679566479762201;11.987127584418012;;0.21579574083772976;0.517426624245963;0.03890058848542296
11.348809479857007;10.662585166714724;12.02109021051297;;0.21579574083772976;0.517426624245963;0.03890058848542296
11.359346085299038;10.696547792809678;12.00410889746549;;0.21579574083772976;0.517426624245963;0.03890058848542296
11.369882690741075;10.747491731952113;11.987127584418012;0.007270707448192655;0.21579574083772976;0.517426624245963;0.03890058848542296
11.415264558641496;10.76447304499959;12.055052836607924;;0.21579574083772976;0.517426624245963;0.03890058848542296
11.46064642654192;10.798435671094548;12.10599677575036;;0.21579574083772976;0.517426624245963;0.03890058848542296
11.506028294442343;10.883342236331938;12.122978088797836;0.02161139471172654;0.21579574083772976;0.517426624245963;0.03890058848542296
11.661516260781033;10.985230114616806;12.326753845367573;;0.21579574083772976;0.517426624245963;0.03890058848542296
11.817004227119723;11.13806193204411;12.479585662794877;;0.21579574083772976;0.517426624245963;0.03890058848542296
11.972492193458407;11.307875062518889;12.63241748022218;;0.21579574083772976;0.517426624245963;0.03890058848542296
12.127980159797094;11.494669506041149;12.734305358507047;0.009060228390514565;0.21579574083772976;0.517426624245963;0.03890058848542296
12.22437076860146;11.56259475823106;12.853174549839395;;0.21579574083772976;0.517426624245963;0.03890058848542296
12.32076137740583;11.66448263651593;12.955062428124263;;0.21579574083772976;0.517426624245963;0.03890058848542296
12.417151986210193;11.800333140895754;13.022987680314175;0.006458412548325091;0.21579574083772976;0.517426624245963;0.03890058848542296
12.520427997826209;11.851277080038187;13.175819497741479;;0.21579574083772976;0.517426624245963;0.03890058848542296
12.623704009442228;11.936183645275579;13.277707376026346;;0.21579574083772976;0.517426624245963;0.03890058848542296
12.726980021058253;12.055052836607924;13.379595254311216;;0.21579574083772976;0.517426624245963;0.03890058848542296
12.830256032674273;12.190903340987749;13.430539193453649;0.015180524716337762;0.21579574083772976;0.517426624245963;0.03890058848542296
12.84027713965827;12.173922027940272;13.481483132596082;;0.21579574083772976;0.517426624245963;0.03890058848542296
12.85029824664227;12.190903340987749;13.481483132596082;;0.21579574083772976;0.517426624245963;0.03890058848542296
12.86031935362627;12.241847280130184;13.464501819548605;0.007205046556114202;0.21579574083772976;0.517426624245963;0.03890058848542296
12.90450806377702;12.241847280130184;13.549408384785995;;0.21579574083772976;0.517426624245963;0.03890058848542296
12.948696773927772;12.27580990622514;13.617333636975907;;0.21579574083772976;0.517426624245963;0.03890058848542296
12.992885484078522;12.326753845367573;13.634314950023386;;0.21579574083772976;0.517426624245963;0.03890058848542296
13.037074194229273;12.411660410604965;13.651296263070865;0.006716758786190011;0.21579574083772976;0.517426624245963;0.03890058848542296
13.060629451832483;12.394679097557486;13.702240202213298;;0.21579574083772976;0.517426624245963;0.03890058848542296
13.084184709435693;12.428641723652444;13.719221515260777;;0.21579574083772976;0.517426624245963;0.03890058848542296
13.10773996703891;12.462604349747398;13.719221515260777;0.019350667057284613;0.21579574083772976;0.517426624245963;0.03890058848542296
13.026176935898263;12.343735158415052;13.68525888916582;;0.21579574083772976;0.517426624245963;0.03890058848542296
12.944613904757622;12.258828593177661;13.617333636975907;;0.21579574083772976;0.517426624245963;0.03890058848542296
12.863050873616979;12.190903340987749;13.51544575869104;;0.21579574083772976;0.517426624245963;0.03890058848542296
12.781487842476338;12.156940714892794;13.396576567358693;0.01598048681787655;0.21579574083772976;0.517426624245963;0.03890058848542296
12.795702154625749;12.139959401845315;13.430539193453649;;0.21579574083772976;0.517426624245963;0.03890058848542296
12.80991646677516;12.156940714892794;13.447520506501128;;0.21579574083772976;0.517426624245963;0.03890058848542296
12.824130778924566;12.207884654035228;13.430539193453649;0.006489321171070378;0.21579574083772976;0.517426624245963;0.03890058848542296
12.847182823313247;12.173922027940272;13.498464445643561;;0.21579574083772976;0.517426624245963;0.03890058848542296
12.870234867701935;12.190903340987749;13.532427071738518;;0.21579574083772976;0.517426624245963;0.03890058848542296
12.893286912090613;12.224865967082707;13.549408384785995;;0.21579574083772976;0.517426624245963;0.03890058848542296
12.916338956479294;12.27580990622514;13.51544575869104;0.016592105669663414;0.21579574083772976;0.517426624245963;0.03890058848542296
12.841580951499541;12.173922027940272;13.481483132596082;;0.21579574083772976;0.517426624245963;0.03890058848542296
12.766822946519792;12.10599677575036;13.396576567358693;;0.21579574083772976;0.517426624245963;0.03890058848542296
12.692064941540044;12.072034149655403;13.294688689073825;0.006567158529158304;0.21579574083772976;0.517426624245963;0.03890058848542296
12.602902602605024;11.936183645275579;13.243744749931391;;0.21579574083772976;0.517426624245963;0.03890058848542296
12.513740263670003;11.83429576699071;13.175819497741479;;0.21579574083772976;0.517426624245963;0.03890058848542296
12.424577924734987;11.766370514800798;13.073931619456609;;0.21579574083772976;0.517426624245963;0.03890058848542296
12.33541558579996;11.715426575658363;12.938081115076784;0.006441672815822842;0.21579574083772976;0.517426624245963;0.03890058848542296
12.245397537824866;11.596557384326017;12.88713717593435;;0.21579574083772976;0.517426624245963;0.03890058848542296
12.15537948984977;11.494669506041149;12.80223061069696;;0.21579574083772976;0.517426624245963;0.03890058848542296
12.065361441874675;11.443725566898713;12.683361419364614;0.019985949096983462;0.21579574083772976;0.517426624245963;0.03890058848542296
12.081507879438677;11.409762940803759;12.751286671554526;;0.21579574083772976;0.517426624245963;0.03890058848542296
12.09765431700268;11.409762940803759;12.768267984602005;;0.21579574083772976;0.517426624245963;0.03890058848542296
12.113800754566682;11.443725566898713;12.785249297649482;;0.21579574083772976;0.517426624245963;0.03890058848542296
12.129947192130688;11.494669506041149;12.751286671554526;0.020638121805091225;0.21579574083772976;0.517426624245963;0.03890058848542296
12.253568468289629;11.596557384326017;12.90411848898183;;0.21579574083772976;0.517426624245963;0.03890058848542296
12.377189744448572;11.715426575658363;13.022987680314175;;0.21579574083772976;0.517426624245963;0.03890058848542296
12.500811020607514;11.868258393085666;13.107894245551567;0.009456575396077645;0.21579574083772976;0.517426624245963;0.03890058848542296
12.563327090700309;11.885239706133145;13.226763436883912;;0.21579574083772976;0.517426624245963;0.03890058848542296
12.625843160793096;11.9192023322281;13.294688689073825;;0.21579574083772976;0.517426624245963;0.03890058848542296
12.68835923088589;11.987127584418012;13.345632628216258;;0.21579574083772976;0.517426624245963;0.03890058848542296
12.75087530097868;12.072034149655403;13.362613941263737;0.03279283093036868;0.21579574083772976;0.517426624245963;0.03890058848542296
12.688948303685585;11.987127584418012;13.32865131516878;;0.21579574083772976;0.517426624245963;0.03890058848542296
12.627021306392487;11.936183645275579;13.277707376026346;;0.21579574083772976;0.517426624245963;0.03890058848542296
12.56509430909939;11.902221019180622;13.175819497741479;0.030541920849668322;0.21579574083772976;0.517426624245963;0.03890058848542296
12.381363672782607;11.681463949563408;13.039968993361654;;0.21579574083772976;0.517426624245963;0.03890058848542296
12.197633036465819;11.494669506041149;12.870155862886872;;0.21579574083772976;0.517426624245963;0.03890058848542296
12.013902400149036;11.341837688613847;12.666380106317135;;0.21579574083772976;0.517426624245963;0.03890058848542296
11.83017176383225;11.205987184234022;12.44562303669992;0.0076952276252778016;0.21579574083772976;0.517426624245963;0.03890058848542296
11.688598613391079;11.03617405375924;12.326753845367573;;0.21579574083772976;0.517426624245963;0.03890058848542296
11.547025462949902;10.883342236331938;12.190903340987749;;0.21579574083772976;0.517426624245963;0.03890058848542296
11.405452312508732;10.78145435804707;12.02109021051297;0.01185677177721774;0.21579574083772976;0.517426624245963;0.03890058848542296
11.342444871418069;10.679566479762201;12.00410889746549;;0.21579574083772976;0.517426624245963;0.03890058848542296
11.279437430327404;10.594659914524811;11.953164958323057;;0.21579574083772976;0.517426624245963;0.03890058848542296
11.216429989236737;10.543715975382376;11.868258393085666;;0.21579574083772976;0.517426624245963;0.03890058848542296
11.153422548146077;10.5267346623349;11.766370514800798;0.007906978950388858;0.21579574083772976;0.517426624245963;0.03890058848542296
11.045046376091246;10.390884157955075;11.698445262610885;;0.21579574083772976;0.517426624245963;0.03890058848542296
10.936670204036417;10.272014966622727;11.596557384326017;;0.21579574083772976;0.517426624245963;0.03890058848542296
10.828294031981585;10.204089714432815;11.477688192993671;0.03512636599390922;0.21579574083772976;0.517426624245963;0.03890058848542296
10.84870038683487;10.170127088337859;11.528632132136105;;0.21579574083772976;0.517426624245963;0.03890058848542296
10.86910674168815;10.187108401385338;11.545613445183584;;0.21579574083772976;0.517426624245963;0.03890058848542296
10.889513096541434;10.221071027480292;11.545613445183584;;0.21579574083772976;0.517426624245963;0.03890058848542296
10.909919451394714;10.288996279670204;11.528632132136105;0.006509914685010093;0.21579574083772976;0.517426624245963;0.03890058848542296
10.939178745087407;10.288996279670204;11.579576071278538;;0.21579574083772976;0.517426624245963;0.03890058848542296
10.968438038780098;10.305977592717683;11.613538697373496;;0.21579574083772976;0.517426624245963;0.03890058848542296
10.997697332472796;10.373902844907596;11.613538697373496;0.014760775363344162;0.21579574083772976;0.517426624245963;0.03890058848542296
10.935328453645624;10.272014966622727;11.579576071278538;;0.21579574083772976;0.517426624245963;0.03890058848542296
10.872959574818456;10.187108401385338;11.528632132136105;;0.21579574083772976;0.517426624245963;0.03890058848542296
10.810590695991289;10.136164462242903;11.460706879946192;;0.21579574083772976;0.517426624245963;0.03890058848542296
10.748221817164119;10.119183149195425;11.358819001661324;0.008311529084292366;0.21579574083772976;0.517426624245963;0.03890058848542296
10.737057859039066;10.085220523100467;11.375800314708801;;0.21579574083772976;0.517426624245963;0.03890058848542296
10.72589390091401;10.06823921005299;11.358819001661324;;0.21579574083772976;0.517426624245963;0.03890058848542296
10.714729942788951;10.085220523100467;11.324856375566368;0.011079152469534241;0.21579574083772976;0.517426624245963;0.03890058848542296
10.629161120478289;9.966351331768122;11.273912436423934;;0.21579574083772976;0.517426624245963;0.03890058848542296
10.543592298167628;9.864463453483253;11.205987184234022;;0.21579574083772976;0.517426624245963;0.03890058848542296
10.458023475856972;9.796538201293341;11.104099305949152;;0.21579574083772976;0.517426624245963;0.03890058848542296
10.372454653546315;9.745594262150906;10.985230114616806;0.00673673388084983;0.21579574083772976;0.517426624245963;0.03890058848542296
10.308316624885329;9.64370638386604;10.95126748852185;;0.21579574083772976;0.517426624245963;0.03890058848542296
10.244178596224357;9.575781131676127;10.883342236331938;;0.21579574083772976;0.517426624245963;0.03890058848542296
10.18004056756344;9.541818505581169;10.798435671094548;0.008882097057676579;0.21579574083772976;0.517426624245963;0.03890058848542296
10.172265446591428;9.473893253391257;10.832398297189503;;0.21579574083772976;0.517426624245963;0.03890058848542296
10.16449032562318;9.439930627296302;10.849379610236982;;0.21579574083772976;0.517426624245963;0.03890058848542296
10.156715204702616;9.422949314248823;10.832398297189503;;0.21579574083772976;0.517426624245963;0.03890058848542296
10.148940084110894;9.439930627296302;10.78145435804707;0.047257360804832775;0.21579574083772976;0.517426624245963;0.03890058848542296
10.005841926134588;9.27011749682152;10.679566479762201;;0.21579574083772976;0.517426624245963;0.03890058848542296
9.862743771559717;9.134266992441695;10.543715975382376;;0.21579574083772976;0.517426624245963;0.03890058848542296
9.719645623506665;9.01539780110935;10.390884157955075;0.03806195814957576;0.21579574083772976;0.517426624245963;0.03890058848542296
9.664562028282841;8.930491235871958;10.373902844907596;;0.21579574083772976;0.517426624245963;0.03890058848542296
9.609478445847941;8.879547296729525;10.322958905765162;;0.21579574083772976;0.517426624245963;0.03890058848542296
9.5543948784963;8.845584670634569;10.238052340527771;;0.21579574083772976;0.517426624245963;0.03890058848542296
9.499311328696798;8.828603357587092;10.136164462242903;0.007042599858393664;0.21579574083772976;0.517426624245963;0.03890058848542296
9.423287291890448;8.709734166254744;10.102201836147946;;0.21579574083772976;0.517426624245963;0.03890058848542296
9.34726331975409;8.607846287969876;10.051257897005513;;0.21579574083772976;0.517426624245963;0.03890058848542296
9.271239588244265;8.522939722732485;9.966351331768122;0.01646307855633329;0.21579574083772976;0.517426624245963;0.03890058848542296
9.2423705903942;8.471995783590051;9.966351331768122;;0.21579574083772976;0.517426624245963;0.03890058848542296
9.213503204429973;8.421051844447618;9.949370018720643;;0.21579574083772976;0.517426624245963;0.03890058848542296
9.184638676697933;8.38708921835266;9.915407392625688;;0.21579574083772976;0.517426624245963;0.03890058848542296
9.155778386675069;8.38708921835266;9.864463453483253;0.014473345277250079;0.21579574083772976;0.517426624245963;0.03890058848542296
9.16567364158081;8.38708921835266;9.88144476653073;;0.21579574083772976;0.517426624245963;0.03890058848542296
9.175575385560542;8.404070531400139;9.88144476653073;;0.21579574083772976;0.517426624245963;0.03890058848542296
9.185484384070062;8.438033157495095;9.864463453483253;0.01938537498419651;0.21579574083772976;0.517426624245963;0.03890058848542296
9.105819856528964;8.30218265311527;9.847482140435776;;0.21579574083772976;0.517426624245963;0.03890058848542296
9.026167414750827;8.166332148735446;9.796538201293341;;0.21579574083772976;0.517426624245963;0.03890058848542296
8.946539194918715;8.064444270450577;9.745594262150906;;0.21579574083772976;0.517426624245963;0.03890058848542296
8.866961473738318;7.945575079118231;9.660687696913516;0.011850140725182395;0.21579574083772976;0.517426624245963;0.03890058848542296
8.81049274321985;7.8606685138808405;9.64370638386604;;0.21579574083772976;0.517426624245963;0.03890058848542296
8.754174839007401;7.758780635595972;9.609743757771081;;0.21579574083772976;0.517426624245963;0.03890058848542296
8.69807402011645;7.69085538340606;9.558799818628648;0.011059602276915088;0.21579574083772976;0.517426624245963;0.03890058848542296
8.658980749708398;7.605948818168669;9.558799818628648;;0.21579574083772976;0.517426624245963;0.03890058848542296
8.620237636357885;7.555004879026235;9.541818505581169;;0.21579574083772976;0.517426624245963;0.03890058848542296
8.581900860488908;7.487079626836323;9.507855879486215;;0.21579574083772976;0.517426624245963;0.03890058848542296
8.544015523700262;7.453117000741367;9.473893253391257;0.010612093085713105;0.21579574083772976;0.517426624245963;0.03890058848542296
8.519179173878499;7.419154374646411;9.473893253391257;;0.21579574083772976;0.517426624245963;0.03890058848542296
8.494849328047339;7.385191748551454;9.473893253391257;;0.21579574083772976;0.517426624245963;0.03890058848542296
8.471037981537876;7.368210435503976;9.439930627296302;0.010485823518192708;0.21579574083772976;0.517426624245963;0.03890058848542296
8.458885594808383;7.351229122456498;9.473893253391257;;0.21579574083772976;0.517426624245963;0.03890058848542296
8.447253900613902;7.33424780940902;9.490874566438736;;0.21579574083772976;0.517426624245963;0.03890058848542296
8.436137194875307;7.317266496361542;9.490874566438736;;0.21579574083772976;0.517426624245963;0.03890058848542296
8.42552784291531;7.317266496361542;9.490874566438736;0.9999999999989602;0.21579574083772976;0.517426624245963;0.03890058848542296
8.415417983830643;7.300285183314064;9.473893253391257;;0.21579574083772976;0.517426624245963;0.03890058848542296
8.405800963226053;7.300285183314064;9.45691194034378;;0.21579574083772976;0.517426624245963;0.03890058848542296
8.396672409449735;7.300285183314064;9.422949314248823;0.010359458734783795;0.21579574083772976;0.517426624245963;0.03890058848542296
8.397806723423113;7.300285183314064;9.422949314248823;;0.21579574083772976;0.517426624245963;0.03890058848542296
8.39942963643244;7.300285183314064;9.422949314248823;;0.21579574083772976;0.517426624245963;0.03890058848542296
8.401545535022276;7.300285183314064;9.405968001201344;;0.21579574083772976;0.517426624245963;0.03890058848542296
8.404160993636857;7.317266496361542;9.388986688153867;0.01031311845678155;0.21579574083772976;0.517426624245963;0.03890058848542296
8.416875444305086;7.317266496361542;9.405968001201344;;0.21579574083772976;0.517426624245963;0.03890058848542296
8.430105362101013;7.33424780940902;9.405968001201344;;0.21579574083772976;0.517426624245963;0.03890058848542296
8.44385760822661;7.351229122456498;9.405968001201344;0.010371061729751321;0.21579574083772976;0.517426624245963;0.03890058848542296
8.468397750883856;7.368210435503976;9.439930627296302;;0.21579574083772976;0.517426624245963;0.03890058848542296
8.493463606541491;7.385191748551454;9.45691194034378;;0.21579574083772976;0.517426624245963;0.03890058848542296
8.519047888092908;7.419154374646411;9.473893253391257;;0.21579574083772976;0.517426624245963;0.03890058848542296
8.545134836016647;7.453117000741367;9.45691194034378;0.010589891383272702;0.21579574083772976;0.517426624245963;0.03890058848542296
8.584159781553053;7.504060939883801;9.507855879486215;;0.21579574083772976;0.517426624245963;0.03890058848542296
8.62362541016852;7.555004879026235;9.524837192533692;;0.21579574083772976;0.517426624245963;0.03890058848542296
8.663484888617113;7.6229301312161475;9.541818505581169;0.010951696369666445;0.21579574083772976;0.517426624245963;0.03890058848542296
8.719419935773677;7.69085538340606;9.592762444723604;;0.21579574083772976;0.517426624245963;0.03890058848542296
8.775630323943385;7.77576194864345;9.64370638386604;;0.21579574083772976;0.517426624245963;0.03890058848542296
8.832051299094479;7.8606685138808405;9.677669009960994;;0.21579574083772976;0.517426624245963;0.03890058848542296
8.88862110548448;7.962556392165709;9.694650323008473;0.012071942108073988;0.21579574083772976;0.517426624245963;0.03890058848542296
8.969576887012801;8.064444270450577;9.779556888245864;;0.21579574083772976;0.517426624245963;0.03890058848542296
9.0505869222468;8.183313461782923;9.830500827388297;;0.21579574083772976;0.517426624245963;0.03890058848542296
9.131623714461629;8.30218265311527;9.88144476653073;0.014451719665144247;0.21579574083772976;0.517426624245963;0.03890058848542296
9.250430607167782;8.438033157495095;10.000313957863078;;0.21579574083772976;0.517426624245963;0.03890058848542296
9.369241824050413;8.57388366187492;10.102201836147946;;0.21579574083772976;0.517426624245963;0.03890058848542296
9.488054742075565;8.7436967923497;10.187108401385338;;0.21579574083772976;0.517426624245963;0.03890058848542296
9.606868395340772;8.913509922824481;10.25503365357525;0.02252493365344797;0.21579574083772976;0.517426624245963;0.03890058848542296
9.620112482576562;8.913509922824481;10.288996279670204;;0.21579574083772976;0.517426624245963;0.03890058848542296
9.63335667430965;8.947472548919437;10.288996279670204;;0.21579574083772976;0.517426624245963;0.03890058848542296
9.64660090456062;8.99841648806187;10.272014966622727;0.0071390552946079015;0.21579574083772976;0.517426624245963;0.03890058848542296
9.631214503678008;8.947472548919437;10.288996279670204;;0.21579574083772976;0.517426624245963;0.03890058848542296
9.615828115232329;8.913509922824481;10.288996279670204;;0.21579574083772976;0.517426624245963;0.03890058848542296
9.600441736264791;8.913509922824481;10.272014966622727;;0.21579574083772976;0.517426624245963;0.03890058848542296
9.585055367257016;8.930491235871958;10.221071027480292;0.008883326847094109;0.21579574083772976;0.517426624245963;0.03890058848542296
9.51606653871761;8.811622044539613;10.187108401385338;;0.21579574083772976;0.517426624245963;0.03890058848542296
9.447077732093376;8.726715479302221;10.136164462242903;;0.21579574083772976;0.517426624245963;0.03890058848542296
9.378088972526195;8.65879022711231;10.051257897005513;0.01898462942709592;0.21579574083772976;0.517426624245963;0.03890058848542296
9.36490731702073;8.624827601017355;10.06823921005299;;0.21579574083772976;0.517426624245963;0.03890058848542296
9.351725843518032;8.590864974922397;10.06823921005299;;0.21579574083772976;0.517426624245963;0.03890058848542296
9.338544613194033;8.590864974922397;10.051257897005513;;0.21579574083772976;0.517426624245963;0.03890058848542296
9.325363628574726;8.607846287969876;10.000313957863078;0.0175709791152269;0.21579574083772976;0.517426624245963;0.03890058848542296
9.363541933503445;8.641808914064832;10.051257897005513;;0.21579574083772976;0.517426624245963;0.03890058848542296
9.401720342078022;8.692752853207267;10.085220523100467;;0.21579574083772976;0.517426624245963;0.03890058848542296
9.439898795172972;8.777659418444657;10.085220523100467;0.007231945642034885;0.21579574083772976;0.517426624245963;0.03890058848542296
9.450172394911675;8.7436967923497;10.136164462242903;;0.21579574083772976;0.517426624245963;0.03890058848542296
9.460446017467019;8.7436967923497;10.15314577529038;;0.21579574083772976;0.517426624245963;0.03890058848542296
9.470719665162232;8.7436967923497;10.170127088337859;;0.21579574083772976;0.517426624245963;0.03890058848542296
9.480993333774393;8.794640731492134;10.136164462242903;0.022306252534770987;0.21579574083772976;0.517426624245963;0.03890058848542296
9.556143717442168;8.862565983682046;10.238052340527771;;0.21579574083772976;0.517426624245963;0.03890058848542296
9.631294105272948;8.947472548919437;10.288996279670204;;0.21579574083772976;0.517426624245963;0.03890058848542296
9.70644449414224;9.066341740251783;10.322958905765162;0.006884576461441315;0.21579574083772976;0.517426624245963;0.03890058848542296
9.758706743074727;9.083323053299262;10.424846784050029;;0.21579574083772976;0.517426624245963;0.03890058848542296
9.810968992128704;9.117285679394218;10.475790723192464;;0.21579574083772976;0.517426624245963;0.03890058848542296
9.863231241223716;9.202192244631608;10.50975334928742;;0.21579574083772976;0.517426624245963;0.03890058848542296
9.915493490327812;9.287098809868999;10.5267346623349;0.006452597198707911;0.21579574083772976;0.517426624245963;0.03890058848542296
9.972937087254962;9.321061435963955;10.611641227572289;;0.21579574083772976;0.517426624245963;0.03890058848542296
10.03038068418325;9.37200537510639;10.662585166714724;;0.21579574083772976;0.517426624245963;0.03890058848542296
10.087824281112308;9.45691194034378;10.696547792809678;0.006868751731061571;0.21579574083772976;0.517426624245963;0.03890058848542296
10.1190413239799;9.45691194034378;10.76447304499959;;0.21579574083772976;0.517426624245963;0.03890058848542296
10.150258366847874;9.473893253391257;10.815416984142026;;0.21579574083772976;0.517426624245963;0.03890058848542296
10.181475409716109;9.524837192533692;10.832398297189503;;0.21579574083772976;0.517426624245963;0.03890058848542296
10.212692452584527;9.592762444723604;10.815416984142026;0.007249358210611135;0.21579574083772976;0.517426624245963;0.03890058848542296
10.208651307986653;9.558799818628648;10.849379610236982;;0.21579574083772976;0.517426624245963;0.03890058848542296
10.204610163388823;9.558799818628648;10.849379610236982;;0.21579574083772976;0.517426624245963;0.03890058848542296
10.200569018791004;9.575781131676127;10.815416984142026;0.009780672755092592;0.21579574083772976;0.517426624245963;0.03890058848542296
10.262068411610384;9.592762444723604;10.917304862426894;;0.21579574083772976;0.517426624245963;0.03890058848542296
10.323567804429763;9.64370638386604;10.985230114616806;;0.21579574083772976;0.517426624245963;0.03890058848542296
10.385067197249152;9.711631636055952;11.03617405375924;;0.21579574083772976;0.517426624245963;0.03890058848542296
10.44656659006855;9.830500827388297;11.053155366806719;0.007755383681993018;0.21579574083772976;0.517426624245963;0.03890058848542296
10.464139522003308;9.813519514340818;11.104099305949152;;0.21579574083772976;0.517426624245963;0.03890058848542296
10.481712453938066;9.830500827388297;11.121080618996631;;0.21579574083772976;0.517426624245963;0.03890058848542296
10.499285385872827;9.88144476653073;11.104099305949152;0.006983900291723559;0.21579574083772976;0.517426624245963;0.03890058848542296
10.54593582842622;9.88144476653073;11.189005871186543;;0.21579574083772976;0.517426624245963;0.03890058848542296
10.592586270979616;9.915407392625688;11.256931123376456;;0.21579574083772976;0.517426624245963;0.03890058848542296
10.639236713533009;9.966351331768122;11.290893749471412;;0.21579574083772976;0.517426624245963;0.03890058848542296
10.68588715608642;10.051257897005513;11.307875062518889;0.006918124618867098;0.21579574083772976;0.517426624245963;0.03890058848542296
10.75826393789642;10.085220523100467;11.409762940803759;;0.21579574083772976;0.517426624245963;0.03890058848542296
10.830640719706624;10.15314577529038;11.494669506041149;;0.21579574083772976;0.517426624245963;0.03890058848542296
10.903017501517441;10.238052340527771;11.545613445183584;0.007054291866449154;0.21579574083772976;0.517426624245963;0.03890058848542296
10.998860488563935;10.272014966622727;11.698445262610885;;0.21579574083772976;0.517426624245963;0.03890058848542296
11.094703475616292;10.305977592717683;11.83429576699071;;0.21579574083772976;0.517426624245963;0.03890058848542296
11.190546462687351;10.373902844907596;11.953164958323057;;0.21579574083772976;0.517426624245963;0.03890058848542296
11.2863894498157;10.458809410144987;12.038071523560447;0.028224740074540143;0.21579574083772976;0.517426624245963;0.03890058848542296
